brightcrown canyon,Brightcrown Canyon,Brightcrown Mountains,Mondstadt,https://raw.githubusercontent.com/NatsumeLS/Genshin-Impact-Rich-Presence/main/assets/Location%20Emblems/Mondstadt.png
crown canyon,Brightcrown Canyon,Brightcrown Mountains,Mondstadt,https://raw.githubusercontent.com/NatsumeLS/Genshin-Impact-Rich-Presence/main/assets/Location%20Emblems/Mondstadt.png
terrors lair,Stormterror's Lair,Brightcrown Mountains,Mondstadt,https://raw.githubusercontent.com/NatsumeLS/Genshin-Impact-Rich-Presence/main/assets/Location%20Emblems/Mondstadt.png
galesong hill,Galesong Hill,Galesong Hill,Mondstadt,https://raw.githubusercontent.com/NatsumeLS/Genshin-Impact-Rich-Presence/main/assets/Location%20Emblems/Mondstadt.png
cape oath,Cape Oath,Galesong Hill,Mondstadt,https://raw.githubusercontent.com/NatsumeLS/Genshin-Impact-Rich-Presence/main/assets/Location%20Emblems/Mondstadt.png
dadaupa gorge,Dadaupa Gorge,Galesong Hill,Mondstadt,https://raw.githubusercontent.com/NatsumeLS/Genshin-Impact-Rich-Presence/main/assets/Location%20Emblems/Mondstadt.png
falcon coast,Falcon Coast,Galesong Hill,Mondstadt,https://raw.githubusercontent.com/NatsumeLS/Genshin-Impact-Rich-Presence/main/assets/Location%20Emblems/Mondstadt.png
musk reef,Musk Reef,Galesong Hill,Mondstadt,https://raw.githubusercontent.com/NatsumeLS/Genshin-Impact-Rich-Presence/main/assets/Location%20Emblems/Mondstadt.png
windrise,Windrise,Galesong Hill,Mondstadt,https://raw.githubusercontent.com/NatsumeLS/Genshin-Impact-Rich-Presence/main/assets/Location%20Emblems/Mondstadt.png
starfell valley,Starfell Valley,Starfell Valley,Mondstadt,https://raw.githubusercontent.com/NatsumeLS/Genshin-Impact-Rich-Presence/main/assets/Location%20Emblems/Mondstadt.png
cider lake,Cider Lake,Starfell Valley,Mondstadt,https://raw.githubusercontent.com/NatsumeLS/Genshin-Impact-Rich-Presence/main/assets/Location%20Emblems/Mondstadt.png
mondstadt,Mondstadt,Starfell Valley,Mondstadt,https://raw.githubusercontent.com/NatsumeLS/Genshin-Impact-Rich-Presence/main/assets/Location%20Emblems/Mondstadt.png
starfell lake,Starfell Lake,Starfell Valley,Mondstadt,https://raw.githubusercontent.com/NatsumeLS/Genshin-Impact-Rich-Presence/main/assets/Location%20Emblems/Mondstadt.png
starsnatch cliff,Starsnatch Cliff,Starfell Valley,Mondstadt,https://raw.githubusercontent.com/NatsumeLS/Genshin-Impact-Rich-Presence/main/assets/Location%20Emblems/Mondstadt.png
bearer mountains,Stormbearer Mountains,Starfell Valley,Mondstadt,https://raw.githubusercontent.com/NatsumeLS/Genshin-Impact-Rich-Presence/main/assets/Location%20Emblems/Mondstadt.png
bearer point,Stormbearer Point,Starfell Valley,Mondstadt,https://raw.githubusercontent.com/NatsumeLS/Genshin-Impact-Rich-Presence/main/assets/Location%20Emblems/Mondstadt.png
thousand winds temple,Thousand Winds Temple,Starfell Valley,Mondstadt,https://raw.githubusercontent.com/NatsumeLS/Genshin-Impact-Rich-Presence/main/assets/Location%20Emblems/Mondstadt.png
whispering woods,Whispering Woods,Starfell Valley,Mondstadt,https://raw.githubusercontent.com/NatsumeLS/Genshin-Impact-Rich-Presence/main/assets/Location%20Emblems/Mondstadt.png
windwail highland,Windwail Highland,Windwail Highland,Mondstadt,https://raw.githubusercontent.com/NatsumeLS/Genshin-Impact-Rich-Presence/main/assets/Location%20Emblems/Mondstadt.png
dawn winery,Dawn Winery,Windwail Highland,Mondstadt,https://raw.githubusercontent.com/NatsumeLS/Genshin-Impact-Rich-Presence/main/assets/Location%20Emblems/Mondstadt.png
springvale,Springvale,Windwail Highland,Mondstadt,https://raw.githubusercontent.com/NatsumeLS/Genshin-Impact-Rich-Presence/main/assets/Location%20Emblems/Mondstadt.png
wolvendom,Wolvendom,Windwail Highland,Mondstadt,https://raw.githubusercontent.com/NatsumeLS/Genshin-Impact-Rich-Presence/main/assets/Location%20Emblems/Mondstadt.png
dragonspine,Dragonspine,Dragonspine,Mondstadt,https://raw.githubusercontent.com/NatsumeLS/Genshin-Impact-Rich-Presence/main/assets/Location%20Emblems/Dragonspine.png
 ancient,Entombed City - Ancient Palace,Dragonspine,Mondstadt,https://raw.githubusercontent.com/NatsumeLS/Genshin-Impact-Rich-Presence/main/assets/Location%20Emblems/Dragonspine.png
 outskirts,Entombed City - Outskirts,Dragonspine,Mondstadt,https://raw.githubusercontent.com/NatsumeLS/Genshin-Impact-Rich-Presence/main/assets/Location%20Emblems/Dragonspine.png
skyfrost nail,Skyfrost Nail,Dragonspine,Mondstadt,https://raw.githubusercontent.com/NatsumeLS/Genshin-Impact-Rich-Presence/main/assets/Location%20Emblems/Dragonspine.png
snowcovered path,Snow-Covered Path,Dragonspine,Mondstadt,https://raw.githubusercontent.com/NatsumeLS/Genshin-Impact-Rich-Presence/main/assets/Location%20Emblems/Dragonspine.png
starglow cavern,Starglow Cavern,Dragonspine,Mondstadt,https://raw.githubusercontent.com/NatsumeLS/Genshin-Impact-Rich-Presence/main/assets/Location%20Emblems/Dragonspine.png
wyrmrest valley,Wyrmrest Valley,Dragonspine,Mondstadt,https://raw.githubusercontent.com/NatsumeLS/Genshin-Impact-Rich-Presence/main/assets/Location%20Emblems/Dragonspine.png
bishui plain,Bishui Plain,Bishui Plain,Liyue,https://raw.githubusercontent.com/NatsumeLS/Genshin-Impact-Rich-Presence/main/assets/Location%20Emblems/Liyue.png
dihua marsh,Dihua Marsh,Bishui Plain,Liyue,https://raw.githubusercontent.com/NatsumeLS/Genshin-Impact-Rich-Presence/main/assets/Location%20Emblems/Liyue.png
qingce village,Qingce Village,Bishui Plain,Liyue,https://raw.githubusercontent.com/NatsumeLS/Genshin-Impact-Rich-Presence/main/assets/Location%20Emblems/Liyue.png
sal terrae,Sal Terrae,Bishui Plain,Liyue,https://raw.githubusercontent.com/NatsumeLS/Genshin-Impact-Rich-Presence/main/assets/Location%20Emblems/Liyue.png
stone gate,Stone Gate,Bishui Plain,Liyue,https://raw.githubusercontent.com/NatsumeLS/Genshin-Impact-Rich-Presence/main/assets/Location%20Emblems/Liyue.png
wangshu inn,Wangshu Inn,Bishui Plain,Liyue,https://raw.githubusercontent.com/NatsumeLS/Genshin-Impact-Rich-Presence/main/assets/Location%20Emblems/Liyue.png
wuwang hill,Wuwang Hill,Bishui Plain,Liyue,https://raw.githubusercontent.com/NatsumeLS/Genshin-Impact-Rich-Presence/main/assets/Location%20Emblems/Liyue.png
lisha,Lisha,Lisha,Liyue,https://raw.githubusercontent.com/NatsumeLS/Genshin-Impact-Rich-Presence/main/assets/Location%20Emblems/Liyue.png
dunyu ruins,Dunyu Ruins,Lisha,Liyue,https://raw.githubusercontent.com/NatsumeLS/Genshin-Impact-Rich-Presence/main/assets/Location%20Emblems/Liyue.png
lingju pass,Lingju Pass,Lisha,Liyue,https://raw.githubusercontent.com/NatsumeLS/Genshin-Impact-Rich-Presence/main/assets/Location%20Emblems/Liyue.png
qingxu pool,Qingxu Pool,Lisha,Liyue,https://raw.githubusercontent.com/NatsumeLS/Genshin-Impact-Rich-Presence/main/assets/Location%20Emblems/Liyue.png
minlin,Minlin,Minlin,Liyue,https://raw.githubusercontent.com/NatsumeLS/Genshin-Impact-Rich-Presence/main/assets/Location%20Emblems/Liyue.png
cuijue slope,Cuijue Slope,Minlin,Liyue,https://raw.githubusercontent.com/NatsumeLS/Genshin-Impact-Rich-Presence/main/assets/Location%20Emblems/Liyue.png
huaguang stone forest,Huaguang Stone Forest,Minlin,Liyue,https://raw.githubusercontent.com/NatsumeLS/Genshin-Impact-Rich-Presence/main/assets/Location%20Emblems/Liyue.png
jueyun karst,Jueyun Karst,Minlin,Liyue,https://raw.githubusercontent.com/NatsumeLS/Genshin-Impact-Rich-Presence/main/assets/Location%20Emblems/Liyue.png
mt aocang,Mt. Aocang,Minlin,Liyue,https://raw.githubusercontent.com/NatsumeLS/Genshin-Impact-Rich-Presence/main/assets/Location%20Emblems/Liyue.png
mt hulao,Mt. Hulao,Minlin,Liyue,https://raw.githubusercontent.com/NatsumeLS/Genshin-Impact-Rich-Presence/main/assets/Location%20Emblems/Liyue.png
nantianmen,Nantianmen,Minlin,Liyue,https://raw.githubusercontent.com/NatsumeLS/Genshin-Impact-Rich-Presence/main/assets/Location%20Emblems/Liyue.png
qingyun peak,Qingyun Peak,Minlin,Liyue,https://raw.githubusercontent.com/NatsumeLS/Genshin-Impact-Rich-Presence/main/assets/Location%20Emblems/Liyue.png
tianqiu valley,Tianqiu Valley,Minlin,Liyue,https://raw.githubusercontent.com/NatsumeLS/Genshin-Impact-Rich-Presence/main/assets/Location%20Emblems/Liyue.png
qiongji,Qiongji Estuary,Qiongji Estuary,Liyue,https://raw.githubusercontent.com/NatsumeLS/Genshin-Impact-Rich-Presence/main/assets/Location%20Emblems/Liyue.png
guili plains,Guili Plains,Qiongji Estuary,Liyue,https://raw.githubusercontent.com/NatsumeLS/Genshin-Impact-Rich-Presence/main/assets/Location%20Emblems/Liyue.png
luhua pool,Luhua Pool,Qiongji Estuary,Liyue,https://raw.githubusercontent.com/NatsumeLS/Genshin-Impact-Rich-Presence/main/assets/Location%20Emblems/Liyue.png
mingyun village,Mingyun Village,Qiongji Estuary,Liyue,https://raw.githubusercontent.com/NatsumeLS/Genshin-Impact-Rich-Presence/main/assets/Location%20Emblems/Liyue.png
yaoguang shoal,Yaoguang Shoal,Qiongji Estuary,Liyue,https://raw.githubusercontent.com/NatsumeLS/Genshin-Impact-Rich-Presence/main/assets/Location%20Emblems/Liyue.png
sea of clouds,Sea of Clouds,Sea of Clouds,Liyue,https://raw.githubusercontent.com/NatsumeLS/Genshin-Impact-Rich-Presence/main/assets/Location%20Emblems/Liyue.png
guyun stone forest,Guyun Stone Forest,Sea of Clouds,Liyue,https://raw.githubusercontent.com/NatsumeLS/Genshin-Impact-Rich-Presence/main/assets/Location%20Emblems/Liyue.png
liyue harbor,Liyue Harbor,Sea of Clouds,Liyue,https://raw.githubusercontent.com/NatsumeLS/Genshin-Impact-Rich-Presence/main/assets/Location%20Emblems/Liyue.png
mt tianheng,Mt. Tianheng,Sea of Clouds,Liyue,https://raw.githubusercontent.com/NatsumeLS/Genshin-Impact-Rich-Presence/main/assets/Location%20Emblems/Liyue.png
the chasm,The Chasm,The Chasm,Liyue,https://raw.githubusercontent.com/NatsumeLS/Genshin-Impact-Rich-Presence/main/assets/Location%20Emblems/Chasm.png
cinnabar cliff,Cinnabar Cliff,The Chasm,Liyue,https://raw.githubusercontent.com/NatsumeLS/Genshin-Impact-Rich-Presence/main/assets/Location%20Emblems/Chasm.png
fuao vale,Fuao Vale,The Chasm,Liyue,https://raw.githubusercontent.com/NatsumeLS/Genshin-Impact-Rich-Presence/main/assets/Location%20Emblems/Chasm.png
glaze peak,Glaze Peak,The Chasm,Liyue,https://raw.githubusercontent.com/NatsumeLS/Genshin-Impact-Rich-Presence/main/assets/Location%20Emblems/Chasm.png
lumberpick valley,Lumberpick Valley,The Chasm,Liyue,https://raw.githubusercontent.com/NatsumeLS/Genshin-Impact-Rich-Presence/main/assets/Location%20Emblems/Chasm.png
the chasm's maw,The Chasm's Maw,The Chasm,Liyue,https://raw.githubusercontent.com/NatsumeLS/Genshin-Impact-Rich-Presence/main/assets/Location%20Emblems/Chasm.png
the surface,The Surface,The Chasm,Liyue,https://raw.githubusercontent.com/NatsumeLS/Genshin-Impact-Rich-Presence/main/assets/Location%20Emblems/Chasm.png
tiangong gorge,Tiangong Gorge,The Chasm,Liyue,https://raw.githubusercontent.com/NatsumeLS/Genshin-Impact-Rich-Presence/main/assets/Location%20Emblems/Chasm.png
the chasm underground,The Chasm: Underground Mines,Chasm (Underground),Liyue,https://raw.githubusercontent.com/NatsumeLS/Genshin-Impact-Rich-Presence/main/assets/Location%20Emblems/Chasm.png
adhoc main tunnel,Ad-Hoc Main Tunnel,Chasm (Underground),Liyue,https://raw.githubusercontent.com/NatsumeLS/Genshin-Impact-Rich-Presence/main/assets/Location%20Emblems/Chasm.png
nameless ruins,Nameless Ruins,Chasm (Underground),Liyue,https://raw.githubusercontent.com/NatsumeLS/Genshin-Impact-Rich-Presence/main/assets/Location%20Emblems/Chasm.png
stony halls,Stony Halls,Chasm (Underground),Liyue,https://raw.githubusercontent.com/NatsumeLS/Genshin-Impact-Rich-Presence/main/assets/Location%20Emblems/Chasm.png
the chasm main mining area,The Chasm: Main Mining Area,Chasm (Underground),Liyue,https://raw.githubusercontent.com/NatsumeLS/Genshin-Impact-Rich-Presence/main/assets/Location%20Emblems/Chasm.png
narukami island,Narukami Island,Narukami Island,Inazuma,https://raw.githubusercontent.com/NatsumeLS/Genshin-Impact-Rich-Presence/main/assets/Location%20Emblems/Inazuma.png
amakane island,Amakane Island,Narukami Island,Inazuma,https://raw.githubusercontent.com/NatsumeLS/Genshin-Impact-Rich-Presence/main/assets/Location%20Emblems/Inazuma.png
araumi,Araumi,Narukami Island,Inazuma,https://raw.githubusercontent.com/NatsumeLS/Genshin-Impact-Rich-Presence/main/assets/Location%20Emblems/Inazuma.png
byakko plain,Byakko Plain,Narukami Island,Inazuma,https://raw.githubusercontent.com/NatsumeLS/Genshin-Impact-Rich-Presence/main/assets/Location%20Emblems/Inazuma.png
chinju forest,Chinju Forest,Narukami Island,Inazuma,https://raw.githubusercontent.com/NatsumeLS/Genshin-Impact-Rich-Presence/main/assets/Location%20Emblems/Inazuma.png
grand narukami shrine,Grand Narukami Shrine,Narukami Island,Inazuma,https://raw.githubusercontent.com/NatsumeLS/Genshin-Impact-Rich-Presence/main/assets/Location%20Emblems/Inazuma.png
inazuma city,Inazuma City,Narukami Island,Inazuma,https://raw.githubusercontent.com/NatsumeLS/Genshin-Impact-Rich-Presence/main/assets/Location%20Emblems/Inazuma.png
jinren island,Jinren Island,Narukami Island,Inazuma,https://raw.githubusercontent.com/NatsumeLS/Genshin-Impact-Rich-Presence/main/assets/Location%20Emblems/Inazuma.png
kamisato estate,Kamisato Estate,Narukami Island,Inazuma,https://raw.githubusercontent.com/NatsumeLS/Genshin-Impact-Rich-Presence/main/assets/Location%20Emblems/Inazuma.png
konda village,Konda Village,Narukami Island,Inazuma,https://raw.githubusercontent.com/NatsumeLS/Genshin-Impact-Rich-Presence/main/assets/Location%20Emblems/Inazuma.png
mt yougou,Mt. Yougou,Narukami Island,Inazuma,https://raw.githubusercontent.com/NatsumeLS/Genshin-Impact-Rich-Presence/main/assets/Location%20Emblems/Inazuma.png
ritou,Ritou,Narukami Island,Inazuma,https://raw.githubusercontent.com/NatsumeLS/Genshin-Impact-Rich-Presence/main/assets/Location%20Emblems/Inazuma.png
kannazuka,Kannazuka,Kannazuka,Inazuma,https://raw.githubusercontent.com/NatsumeLS/Genshin-Impact-Rich-Presence/main/assets/Location%20Emblems/Inazuma.png
kujou encampment,Kujou Encampment,Kannazuka,Inazuma,https://raw.githubusercontent.com/NatsumeLS/Genshin-Impact-Rich-Presence/main/assets/Location%20Emblems/Inazuma.png
tatarasuna,Tatarasuna,Kannazuka,Inazuma,https://raw.githubusercontent.com/NatsumeLS/Genshin-Impact-Rich-Presence/main/assets/Location%20Emblems/Inazuma.png
yashiori island,Yashiori Island,Yashiori Island,Inazuma,https://raw.githubusercontent.com/NatsumeLS/Genshin-Impact-Rich-Presence/main/assets/Location%20Emblems/Inazuma.png
fort fujitou,Fort Fujitou,Yashiori Island,Inazuma,https://raw.githubusercontent.com/NatsumeLS/Genshin-Impact-Rich-Presence/main/assets/Location%20Emblems/Inazuma.png
fort mumei,Fort Mumei,Yashiori Island,Inazuma,https://raw.githubusercontent.com/NatsumeLS/Genshin-Impact-Rich-Presence/main/assets/Location%20Emblems/Inazuma.png
higi village,Higi Village,Yashiori Island,Inazuma,https://raw.githubusercontent.com/NatsumeLS/Genshin-Impact-Rich-Presence/main/assets/Location%20Emblems/Inazuma.png
jakotsu mine,Jakotsu Mine,Yashiori Island,Inazuma,https://raw.githubusercontent.com/NatsumeLS/Genshin-Impact-Rich-Presence/main/assets/Location%20Emblems/Inazuma.png
musoujin gorge,Musoujin Gorge,Yashiori Island,Inazuma,https://raw.githubusercontent.com/NatsumeLS/Genshin-Impact-Rich-Presence/main/assets/Location%20Emblems/Inazuma.png
nazuchi beach,Nazuchi Beach,Yashiori Island,Inazuma,https://raw.githubusercontent.com/NatsumeLS/Genshin-Impact-Rich-Presence/main/assets/Location%20Emblems/Inazuma.png
serpents head,Serpent's Head,Yashiori Island,Inazuma,https://raw.githubusercontent.com/NatsumeLS/Genshin-Impact-Rich-Presence/main/assets/Location%20Emblems/Inazuma.png
watatsumi island,Watatsumi Island,Watatsumi Island,Inazuma,https://raw.githubusercontent.com/NatsumeLS/Genshin-Impact-Rich-Presence/main/assets/Location%20Emblems/Inazuma.png
bourou village,Bourou Village,Watatsumi Island,Inazuma,https://raw.githubusercontent.com/NatsumeLS/Genshin-Impact-Rich-Presence/main/assets/Location%20Emblems/Inazuma.png
mouun shrine,Mouun Shrine,Watatsumi Island,Inazuma,https://raw.githubusercontent.com/NatsumeLS/Genshin-Impact-Rich-Presence/main/assets/Location%20Emblems/Inazuma.png
sangonomiya shrine,Sangonomiya Shrine,Watatsumi Island,Inazuma,https://raw.githubusercontent.com/NatsumeLS/Genshin-Impact-Rich-Presence/main/assets/Location%20Emblems/Inazuma.png
suigetsu pool,Suigetsu Pool,Watatsumi Island,Inazuma,https://raw.githubusercontent.com/NatsumeLS/Genshin-Impact-Rich-Presence/main/assets/Location%20Emblems/Inazuma.png
seirai island,Seirai Island,Seirai Island,Inazuma,https://raw.githubusercontent.com/NatsumeLS/Genshin-Impact-Rich-Presence/main/assets/Location%20Emblems/Inazuma.png
seiraimaru,"Seiraimaru",Seirai Island,Inazuma,https://raw.githubusercontent.com/NatsumeLS/Genshin-Impact-Rich-Presence/main/assets/Location%20Emblems/Inazuma.png
amakumo peak,Amakumo Peak,Seirai Island,Inazuma,https://raw.githubusercontent.com/NatsumeLS/Genshin-Impact-Rich-Presence/main/assets/Location%20Emblems/Inazuma.png
asase shrine,Asase Shrine,Seirai Island,Inazuma,https://raw.githubusercontent.com/NatsumeLS/Genshin-Impact-Rich-Presence/main/assets/Location%20Emblems/Inazuma.png
fort hiraumi,Fort Hiraumi,Seirai Island,Inazuma,https://raw.githubusercontent.com/NatsumeLS/Genshin-Impact-Rich-Presence/main/assets/Location%20Emblems/Inazuma.png
koseki village,Koseki Village,Seirai Island,Inazuma,https://raw.githubusercontent.com/NatsumeLS/Genshin-Impact-Rich-Presence/main/assets/Location%20Emblems/Inazuma.png
tsurumi island,Tsurumi Island,Tsurumi Island,Inazuma,https://raw.githubusercontent.com/NatsumeLS/Genshin-Impact-Rich-Presence/main/assets/Location%20Emblems/Inazuma.png
autake plains,Autake Plains,Tsurumi Island,Inazuma,https://raw.githubusercontent.com/NatsumeLS/Genshin-Impact-Rich-Presence/main/assets/Location%20Emblems/Inazuma.png
chirai shrine,Chirai Shrine,Tsurumi Island,Inazuma,https://raw.githubusercontent.com/NatsumeLS/Genshin-Impact-Rich-Presence/main/assets/Location%20Emblems/Inazuma.png
moshiri ceremonial site,Moshiri Ceremonial Site,Tsurumi Island,Inazuma,https://raw.githubusercontent.com/NatsumeLS/Genshin-Impact-Rich-Presence/main/assets/Location%20Emblems/Inazuma.png
mt kanna,Mt. Kanna,Tsurumi Island,Inazuma,https://raw.githubusercontent.com/NatsumeLS/Genshin-Impact-Rich-Presence/main/assets/Location%20Emblems/Inazuma.png
oina beach,Oina Beach,Tsurumi Island,Inazuma,https://raw.githubusercontent.com/NatsumeLS/Genshin-Impact-Rich-Presence/main/assets/Location%20Emblems/Inazuma.png
shirikoro peak,Shirikoro Peak,Tsurumi Island,Inazuma,https://raw.githubusercontent.com/NatsumeLS/Genshin-Impact-Rich-Presence/main/assets/Location%20Emblems/Inazuma.png
wakukau shoal,Wakukau Shoal,Tsurumi Island,Inazuma,https://raw.githubusercontent.com/NatsumeLS/Genshin-Impact-Rich-Presence/main/assets/Location%20Emblems/Inazuma.png
enkanomiya,Enkanomiya,Enkanomiya,Inazuma,https://raw.githubusercontent.com/NatsumeLS/Genshin-Impact-Rich-Presence/main/assets/Location%20Emblems/Enkanomiya.png
dainichi mikoshi,Dainichi Mikoshi,Enkanomiya,Inazuma,https://raw.githubusercontent.com/NatsumeLS/Genshin-Impact-Rich-Presence/main/assets/Location%20Emblems/Enkanomiya.png
evernight temple,Evernight Temple,Enkanomiya,Inazuma,https://raw.githubusercontent.com/NatsumeLS/Genshin-Impact-Rich-Presence/main/assets/Location%20Emblems/Enkanomiya.png
kunados locus,Kunado's Locus,Enkanomiya,Inazuma,https://raw.githubusercontent.com/NatsumeLS/Genshin-Impact-Rich-Presence/main/assets/Location%20Emblems/Enkanomiya.png
the narrows,The Narrows,Enkanomiya,Inazuma,https://raw.githubusercontent.com/NatsumeLS/Genshin-Impact-Rich-Presence/main/assets/Location%20Emblems/Enkanomiya.png
the serpents bowels,The Serpent's Bowels,Enkanomiya,Inazuma,https://raw.githubusercontent.com/NatsumeLS/Genshin-Impact-Rich-Presence/main/assets/Location%20Emblems/Enkanomiya.png
the serpents heart,The Serpent's Heart,Enkanomiya,Inazuma,https://raw.githubusercontent.com/NatsumeLS/Genshin-Impact-Rich-Presence/main/assets/Location%20Emblems/Enkanomiya.png
yachimatahikos locus,Yachimatahiko's Locus,Enkanomiya,Inazuma,https://raw.githubusercontent.com/NatsumeLS/Genshin-Impact-Rich-Presence/main/assets/Location%20Emblems/Enkanomiya.png
yachimatahimes locus,Yachimatahime's Locus,Enkanomiya,Inazuma,https://raw.githubusercontent.com/NatsumeLS/Genshin-Impact-Rich-Presence/main/assets/Location%20Emblems/Enkanomiya.png
ardravi valley,Ardravi Valley,Ardravi Valley,Sumeru,https://raw.githubusercontent.com/NatsumeLS/Genshin-Impact-Rich-Presence/main/assets/Location%20Emblems/Sumeru.png
devantaka mountain,Devantaka Mountain,Ardravi Valley,Sumeru,https://raw.githubusercontent.com/NatsumeLS/Genshin-Impact-Rich-Presence/main/assets/Location%20Emblems/Sumeru.png
port ormos,Port Ormos,Ardravi Valley,Sumeru,https://raw.githubusercontent.com/NatsumeLS/Genshin-Impact-Rich-Presence/main/assets/Location%20Emblems/Sumeru.png
vimara village,Vimara Village,Ardravi Valley,Sumeru,https://raw.githubusercontent.com/NatsumeLS/Genshin-Impact-Rich-Presence/main/assets/Location%20Emblems/Sumeru.png
ashavan realm,Ashavan Realm,Ashavan Realm,Sumeru,https://raw.githubusercontent.com/NatsumeLS/Genshin-Impact-Rich-Presence/main/assets/Location%20Emblems/Sumeru.png
apam woods,Apam Woods,Ashavan Realm,Sumeru,https://raw.githubusercontent.com/NatsumeLS/Genshin-Impact-Rich-Presence/main/assets/Location%20Emblems/Sumeru.png
caravan ribat,Caravan Ribat,Ashavan Realm,Sumeru,https://raw.githubusercontent.com/NatsumeLS/Genshin-Impact-Rich-Presence/main/assets/Location%20Emblems/Sumeru.png
pardis dhyai,Pardis Dhyai,Ashavan Realm,Sumeru,https://raw.githubusercontent.com/NatsumeLS/Genshin-Impact-Rich-Presence/main/assets/Location%20Emblems/Sumeru.png
ruins of dahri,Ruins of Dahri,Ashavan Realm,Sumeru,https://raw.githubusercontent.com/NatsumeLS/Genshin-Impact-Rich-Presence/main/assets/Location%20Emblems/Sumeru.png
yasna monument,Yasna Monument,Ashavan Realm,Sumeru,https://raw.githubusercontent.com/NatsumeLS/Genshin-Impact-Rich-Presence/main/assets/Location%20Emblems/Sumeru.png
avidya forest,Avidya Forest,Avidya Forest,Sumeru,https://raw.githubusercontent.com/NatsumeLS/Genshin-Impact-Rich-Presence/main/assets/Location%20Emblems/Sumeru.png
chinvat ravine,Chinvat Ravine,Avidya Forest,Sumeru,https://raw.githubusercontent.com/NatsumeLS/Genshin-Impact-Rich-Presence/main/assets/Location%20Emblems/Sumeru.png
gandha hill,Gandha Hill,Avidya Forest,Sumeru,https://raw.githubusercontent.com/NatsumeLS/Genshin-Impact-Rich-Presence/main/assets/Location%20Emblems/Sumeru.png
gandharva ville,Gandharva Ville,Avidya Forest,Sumeru,https://raw.githubusercontent.com/NatsumeLS/Genshin-Impact-Rich-Presence/main/assets/Location%20Emblems/Sumeru.png
sumeru city,Sumeru City,Avidya Forest,Sumeru,https://raw.githubusercontent.com/NatsumeLS/Genshin-Impact-Rich-Presence/main/assets/Location%20Emblems/Sumeru.png
grand bazaar,Grand Bazaar - Sumeru City,Avidya Forest,Sumeru,https://raw.githubusercontent.com/NatsumeLS/Genshin-Impact-Rich-Presence/main/assets/Location%20Emblems/Sumeru.png
treasures street,Treasures Street - Sumeru City,Avidya Forest,Sumeru,https://raw.githubusercontent.com/NatsumeLS/Genshin-Impact-Rich-Presence/main/assets/Location%20Emblems/Sumeru.png
akademiya,The Akademiya - Sumeru City,Avidya Forest,Sumeru,https://raw.githubusercontent.com/NatsumeLS/Genshin-Impact-Rich-Presence/main/assets/Location%20Emblems/Sumeru.png
yazadaha pool,Yazadaha Pool,Avidya Forest,Sumeru,https://raw.githubusercontent.com/NatsumeLS/Genshin-Impact-Rich-Presence/main/assets/Location%20Emblems/Sumeru.png
lokapaka jungle,Lokapaka Jungle,Lokapala Jungle,Sumeru,https://raw.githubusercontent.com/NatsumeLS/Genshin-Impact-Rich-Presence/main/assets/Location%20Emblems/Sumeru.png
chatrakam cave,Chatrakam Cave,Lokapala Jungle,Sumeru,https://raw.githubusercontent.com/NatsumeLS/Genshin-Impact-Rich-Presence/main/assets/Location%20Emblems/Sumeru.png
mawtiyima forest,Mawtiyima Forest,Lokapala Jungle,Sumeru,https://raw.githubusercontent.com/NatsumeLS/Genshin-Impact-Rich-Presence/main/assets/Location%20Emblems/Sumeru.png
the palace of alcazarzaray,The Palace of Alcazarzaray,Lokapala Jungle,Sumeru,https://raw.githubusercontent.com/NatsumeLS/Genshin-Impact-Rich-Presence/main/assets/Location%20Emblems/Sumeru.png
lost nursery,Lost Nursery,Lost Nursery,Sumeru,https://raw.githubusercontent.com/NatsumeLS/Genshin-Impact-Rich-Presence/main/assets/Location%20Emblems/Sumeru.png
old vanarana,Old Vanarana,Lost Nursery,Sumeru,https://raw.githubusercontent.com/NatsumeLS/Genshin-Impact-Rich-Presence/main/assets/Location%20Emblems/Sumeru.png
vissudha field,Vissudha Field,Vissudha Field,Sumeru,https://raw.githubusercontent.com/NatsumeLS/Genshin-Impact-Rich-Presence/main/assets/Location%20Emblems/Sumeru.png
fane of ashvattha,Fane of Ashvattha,Vissudha Field,Sumeru,https://raw.githubusercontent.com/NatsumeLS/Genshin-Impact-Rich-Presence/main/assets/Location%20Emblems/Sumeru.png
hypostyle desert,Hypostyle Desert,Vissudha Field,Sumeru,https://raw.githubusercontent.com/NatsumeLS/Genshin-Impact-Rich-Presence/main/assets/Location%20Emblems/Sumeru.png
khemenu temple,Khemenu Temple,Hypostyle Desert,Sumeru,https://raw.githubusercontent.com/NatsumeLS/Genshin-Impact-Rich-Presence/main/assets/Location%20Emblems/Sumeru.png
sobek oasis,Sobek Oasis,Hypostyle Desert,Sumeru,https://raw.githubusercontent.com/NatsumeLS/Genshin-Impact-Rich-Presence/main/assets/Location%20Emblems/Sumeru.png
the dune of carouses,The Dune of Carouses,Hypostyle Desert,Sumeru,https://raw.githubusercontent.com/NatsumeLS/Genshin-Impact-Rich-Presence/main/assets/Location%20Emblems/Sumeru.png
the dune of elusion,The Dune of Elusion,Hypostyle Desert,Sumeru,https://raw.githubusercontent.com/NatsumeLS/Genshin-Impact-Rich-Presence/main/assets/Location%20Emblems/Sumeru.png
the dune of magma,The Dune of Magma,Hypostyle Desert,Sumeru,https://raw.githubusercontent.com/NatsumeLS/Genshin-Impact-Rich-Presence/main/assets/Location%20Emblems/Sumeru.png
mausoleum of king,The Mausoleum of King Deshret,Hypostyle Desert,Sumeru,https://raw.githubusercontent.com/NatsumeLS/Genshin-Impact-Rich-Presence/main/assets/Location%20Emblems/Sumeru.png
land of lower setekh,Land of Lower Setekh,Land of Lower Setekh,Sumeru,https://raw.githubusercontent.com/NatsumeLS/Genshin-Impact-Rich-Presence/main/assets/Location%20Emblems/Sumeru.png
aaru village,Aaru Village,Land of Lower Setekh,Sumeru,https://raw.githubusercontent.com/NatsumeLS/Genshin-Impact-Rich-Presence/main/assets/Location%20Emblems/Sumeru.png
abdju pit,Abdju Pit,Land of Lower Setekh,Sumeru,https://raw.githubusercontent.com/NatsumeLS/Genshin-Impact-Rich-Presence/main/assets/Location%20Emblems/Sumeru.png
dar alshifa,Dar al-Shifa,Land of Lower Setekh,Sumeru,https://raw.githubusercontent.com/NatsumeLS/Genshin-Impact-Rich-Presence/main/assets/Location%20Emblems/Sumeru.png
dar al shifa,Dar al-Shifa,Land of Lower Setekh,Sumeru,https://raw.githubusercontent.com/NatsumeLS/Genshin-Impact-Rich-Presence/main/assets/Location%20Emblems/Sumeru.png
khajnisut,Khaj-Nisut,Land of Lower Setekh,Sumeru,https://raw.githubusercontent.com/NatsumeLS/Genshin-Impact-Rich-Presence/main/assets/Location%20Emblems/Sumeru.png
khaj nisut,Khaj-Nisut,Land of Lower Setekh,Sumeru,https://raw.githubusercontent.com/NatsumeLS/Genshin-Impact-Rich-Presence/main/assets/Location%20Emblems/Sumeru.png
eye of the sands,Eye of the Sands, Land of Lower Setekh,Sumeru,https://raw.githubusercontent.com/NatsumeLS/Genshin-Impact-Rich-Presence/main/assets/Location%20Emblems/Sumeru.png
land of upper setekh,Land of Upper Setekh,Land of Lower Setekh,Sumeru,https://raw.githubusercontent.com/NatsumeLS/Genshin-Impact-Rich-Presence/main/assets/Location%20Emblems/Sumeru.png
valley of dahri,Valley of Dahri,Land of Lower Setekh,Sumeru,https://raw.githubusercontent.com/NatsumeLS/Genshin-Impact-Rich-Presence/main/assets/Location%20Emblems/Sumeru.png
desert of hadramaveth,Desert of Hadramaveth,Desert of Hadramaveth,Sumeru,https://raw.githubusercontent.com/NatsumeLS/Genshin-Impact-Rich-Presence/main/assets/Location%20Emblems/Sumeru.png
debris of panjvahe,Debris of Panjvahe,Desert of Hadramaveth,Sumeru,https://raw.githubusercontent.com/NatsumeLS/Genshin-Impact-Rich-Presence/main/assets/Location%20Emblems/Sumeru.png
dunes of steel,Dunes of Steel,Desert of Hadramaveth,Sumeru,https://raw.githubusercontent.com/NatsumeLS/Genshin-Impact-Rich-Presence/main/assets/Location%20Emblems/Sumeru.png
temple of deshret,Gurabad's Ruin - Temple of Deshret,Desert of Hadramaveth,Sumeru,https://raw.githubusercontent.com/NatsumeLS/Genshin-Impact-Rich-Presence/main/assets/Location%20Emblems/Sumeru.png
mt damavand,Mt. Damavand,Desert of Hadramaveth,Sumeru,https://raw.githubusercontent.com/NatsumeLS/Genshin-Impact-Rich-Presence/main/assets/Location%20Emblems/Sumeru.png
bayt al sukr,Bayt Al-Sukr - Mt. Damavand,Desert of Hadramaveth,Sumeru,https://raw.githubusercontent.com/NatsumeLS/Genshin-Impact-Rich-Presence/main/assets/Location%20Emblems/Sumeru.png
bayt alsukr,Bayt Al-Sukr - Mt. Damavand,Desert of Hadramaveth,Sumeru,https://raw.githubusercontent.com/NatsumeLS/Genshin-Impact-Rich-Presence/main/assets/Location%20Emblems/Sumeru.png
bayt al muazzam,Bayt Al-Muazzam - Mt. Damavand,Desert of Hadramaveth,Sumeru,https://raw.githubusercontent.com/NatsumeLS/Genshin-Impact-Rich-Presence/main/assets/Location%20Emblems/Sumeru.png
bayt almuazzam,Bayt Al-Muazzam - Mt. Damavand,Desert of Hadramaveth,Sumeru,https://raw.githubusercontent.com/NatsumeLS/Genshin-Impact-Rich-Presence/main/assets/Location%20Emblems/Sumeru.png
bayt al hayah,Bayt Al-Hayah - Mt. Damavand,Desert of Hadramaveth,Sumeru,https://raw.githubusercontent.com/NatsumeLS/Genshin-Impact-Rich-Presence/main/assets/Location%20Emblems/Sumeru.png
bayt alhayah,Bayt Al-Hayah - Mt. Damavand,Desert of Hadramaveth,Sumeru,https://raw.githubusercontent.com/NatsumeLS/Genshin-Impact-Rich-Presence/main/assets/Location%20Emblems/Sumeru.png
passage of ghouls,Passage of Ghouls,Desert of Hadramaveth,Sumeru,https://raw.githubusercontent.com/NatsumeLS/Genshin-Impact-Rich-Presence/main/assets/Location%20Emblems/Sumeru.png
qusayr alinkhida,Qusayr Al-Inkhida',Desert of Hadramaveth,Sumeru,https://raw.githubusercontent.com/NatsumeLS/Genshin-Impact-Rich-Presence/main/assets/Location%20Emblems/Sumeru.png
qusayr al inkhida,Qusayr Al-Inkhida',Desert of Hadramaveth,Sumeru,https://raw.githubusercontent.com/NatsumeLS/Genshin-Impact-Rich-Presence/main/assets/Location%20Emblems/Sumeru.png
safhe shatranj,Safhe Shatranj,Desert of Hadramaveth,Sumeru,https://raw.githubusercontent.com/NatsumeLS/Genshin-Impact-Rich-Presence/main/assets/Location%20Emblems/Sumeru.png
tanit camps,Tanit Camps,Desert of Hadramaveth,Sumeru,https://raw.githubusercontent.com/NatsumeLS/Genshin-Impact-Rich-Presence/main/assets/Location%20Emblems/Sumeru.png
the sands of alazif,The Sands of Al-Azif,Desert of Hadramaveth,Sumeru,https://raw.githubusercontent.com/NatsumeLS/Genshin-Impact-Rich-Presence/main/assets/Location%20Emblems/Sumeru.png
the sands of three canals,The Sands of Three Canals,Desert of Hadramaveth,Sumeru,https://raw.githubusercontent.com/NatsumeLS/Genshin-Impact-Rich-Presence/main/assets/Location%20Emblems/Sumeru.png
the temples forsaken,The Temples Forsaken - Wadi Al-Majuj,Desert of Hadramaveth,Sumeru,https://raw.githubusercontent.com/NatsumeLS/Genshin-Impact-Rich-Presence/main/assets/Location%20Emblems/Sumeru.png
wadi almajuj,Wadi Al-Majuj,Desert of Hadramaveth,Sumeru,https://raw.githubusercontent.com/NatsumeLS/Genshin-Impact-Rich-Presence/main/assets/Location%20Emblems/Sumeru.png
wadi al majuj,Wadi Al-Majuj,Desert of Hadramaveth,Sumeru,https://raw.githubusercontent.com/NatsumeLS/Genshin-Impact-Rich-Presence/main/assets/Location%20Emblems/Sumeru.png
wounded shin valley,Wounded Shin Valley,Desert of Hadramaveth,Sumeru,https://raw.githubusercontent.com/NatsumeLS/Genshin-Impact-Rich-Presence/main/assets/Location%20Emblems/Sumeru.png
gavireh lajavard,Gavireh Lajavard,Gavireh Lajavard,Sumeru,https://raw.githubusercontent.com/NatsumeLS/Genshin-Impact-Rich-Presence/main/assets/Location%20Emblems/Sumeru.png
gate of zulqarnain,Gate of Zulqarnain,Gavireh Lajavard,Sumeru,https://raw.githubusercontent.com/NatsumeLS/Genshin-Impact-Rich-Presence/main/assets/Location%20Emblems/Sumeru.png
temir mountains,Temir Mountains,Gavireh Lajavard,Sumeru,https://raw.githubusercontent.com/NatsumeLS/Genshin-Impact-Rich-Presence/main/assets/Location%20Emblems/Sumeru.png
tunigi hollow,Tunigi Hollow,Gavireh Lajavard,Sumeru,https://raw.githubusercontent.com/NatsumeLS/Genshin-Impact-Rich-Presence/main/assets/Location%20Emblems/Sumeru.png
realm of farakhkert,Realm of Farakhkert,Realm of Farakhkert,Sumeru,https://raw.githubusercontent.com/NatsumeLS/Genshin-Impact-Rich-Presence/main/assets/Location%20Emblems/Sumeru.png
asipattravana swamp,Asipattravana Swamp,Realm of Farakhkert,Sumeru,https://raw.githubusercontent.com/NatsumeLS/Genshin-Impact-Rich-Presence/main/assets/Location%20Emblems/Sumeru.png
hills of barsom,Hills of Barsom,Realm of Farakhkert,Sumeru,https://raw.githubusercontent.com/NatsumeLS/Genshin-Impact-Rich-Presence/main/assets/Location%20Emblems/Sumeru.png
samudra coast,Samudra Coast,Realm of Farakhkert,Sumeru,https://raw.githubusercontent.com/NatsumeLS/Genshin-Impact-Rich-Presence/main/assets/Location%20Emblems/Sumeru.png
vourukasha oasis,Vourukasha Oasis,Realm of Farakhkert,Sumeru,https://raw.githubusercontent.com/NatsumeLS/Genshin-Impact-Rich-Presence/main/assets/Location%20Emblems/Sumeru.png
cats tail,The Cat's Tail,Starfell Valley,Mondstadt,https://raw.githubusercontent.com/NatsumeLS/Genshin-Impact-Rich-Presence/main/assets/Game%20Icons/Cats%20Tail.png
cat s tail,The Cat's Tail,Starfell Valley,Mondstadt,https://raw.githubusercontent.com/NatsumeLS/Genshin-Impact-Rich-Presence/main/assets/Game%20Icons/Cats%20Tail.png
prince,The Cat's Tail,Starfell Valley,Mondstadt,https://raw.githubusercontent.com/NatsumeLS/Genshin-Impact-Rich-Presence/main/assets/Game%20Icons/Cats%20Tail.png
chubby,Serenitea Pot,Realm Within,"",https://raw.githubusercontent.com/NatsumeLS/Genshin-Impact-Rich-Presence/main/assets/Game%20Icons/Teapot.png
tubby,Serenitea Pot,Realm Within,"",https://raw.githubusercontent.com/NatsumeLS/Genshin-Impact-Rich-Presence/main/assets/Game%20Icons/Teapot.png
floating abode,Serenitea Pot,Floating Abode,Realm Within,https://raw.githubusercontent.com/NatsumeLS/Genshin-Impact-Rich-Presence/main/assets/Game%20Icons/Teapot.png
emerald peak,Serenitea Pot,Emerald Peak,Realm Within,https://raw.githubusercontent.com/NatsumeLS/Genshin-Impact-Rich-Presence/main/assets/Game%20Icons/Teapot.png
cool isle,Serenitea Pot,Cool Isle,Realm Within,https://raw.githubusercontent.com/NatsumeLS/Genshin-Impact-Rich-Presence/main/assets/Game%20Icons/Teapot.png
silken courtyard,Serenitea Pot,Silken Courtyard,Realm Within,https://raw.githubusercontent.com/NatsumeLS/Genshin-Impact-Rich-Presence/main/assets/Game%20Icons/Teapot.png
sublime spicewood,Serenitea Pot,Sublime Spicewood,Realm Within,https://raw.githubusercontent.com/NatsumeLS/Genshin-Impact-Rich-Presence/main/assets/Game%20Icons/Teapot.png
belleau region,Belleau Region,Belleau Region,Fontaine,https://raw.githubusercontent.com/NatsumeLS/Genshin-Impact-Rich-Presence/main/assets/Location%20Emblems/Fontaine.png
poisson,Poisson,Belleau Region,Fontaine,https://raw.githubusercontent.com/NatsumeLS/Genshin-Impact-Rich-Presence/main/assets/Location%20Emblems/Fontaine.png
mont automnequi,West Slopes of Mont Automnequi,Belleau Region,Fontaine,https://raw.githubusercontent.com/NatsumeLS/Genshin-Impact-Rich-Presence/main/assets/Location%20Emblems/Fontaine.png
romaritime harbor,Romaritime Harbor,Belleau Region,Fontaine,https://raw.githubusercontent.com/NatsumeLS/Genshin-Impact-Rich-Presence/main/assets/Location%20Emblems/Fontaine.png
beryl region,Beryl Region,Beryl Region,Fontaine,https://raw.githubusercontent.com/NatsumeLS/Genshin-Impact-Rich-Presence/main/assets/Location%20Emblems/Fontaine.png
lonely place,"A Lonely Place",Beryl Region,Fontaine,https://raw.githubusercontent.com/NatsumeLS/Genshin-Impact-Rich-Presence/main/assets/Location%20Emblems/Fontaine.png
very bright place,"A Very Bright Place",Beryl Region,Fontaine,https://raw.githubusercontent.com/NatsumeLS/Genshin-Impact-Rich-Presence/main/assets/Location%20Emblems/Fontaine.png
very warm place,"A Very Warm Place",Beryl Region,Fontaine,https://raw.githubusercontent.com/NatsumeLS/Genshin-Impact-Rich-Presence/main/assets/Location%20Emblems/Fontaine.png
elton trench,Elton Trench,Beryl Region,Fontaine,https://raw.githubusercontent.com/NatsumeLS/Genshin-Impact-Rich-Presence/main/assets/Location%20Emblems/Fontaine.png
elynas,Elynas,Beryl Region,Fontaine,https://raw.githubusercontent.com/NatsumeLS/Genshin-Impact-Rich-Presence/main/assets/Location%20Emblems/Fontaine.png
merusea village,Merusea Village,Beryl Region,Fontaine,https://raw.githubusercontent.com/NatsumeLS/Genshin-Impact-Rich-Presence/main/assets/Location%20Emblems/Fontaine.png
fontaine region,Court of Fontaine Region,Court of Fontaine Region,Fontaine,https://raw.githubusercontent.com/NatsumeLS/Genshin-Impact-Rich-Presence/main/assets/Location%20Emblems/Fontaine.png
court of,Court of Fontaine,Court of Fontaine Region,Fontaine,https://raw.githubusercontent.com/NatsumeLS/Genshin-Impact-Rich-Presence/main/assets/Location%20Emblems/Fontaine.png
annapausis,Annapausis,Court of Fontaine Region,Fontaine,https://raw.githubusercontent.com/NatsumeLS/Genshin-Impact-Rich-Presence/main/assets/Location%20Emblems/Fontaine.png
chemin de lespoir,Chemin de L'Espoir,Court of Fontaine Region,Fontaine,https://raw.githubusercontent.com/NatsumeLS/Genshin-Impact-Rich-Presence/main/assets/Location%20Emblems/Fontaine.png
fountain of lucine,Fountain of Lucine,Court of Fontaine Region,Fontaine,https://raw.githubusercontent.com/NatsumeLS/Genshin-Impact-Rich-Presence/main/assets/Location%20Emblems/Fontaine.png
institute of natural philosophy,Institute of Natural Philosophy,Court of Fontaine Region,Fontaine,https://raw.githubusercontent.com/NatsumeLS/Genshin-Impact-Rich-Presence/main/assets/Location%20Emblems/Fontaine.png
marcotte station,Marcotte Station,Court of Fontaine Region,Fontaine,https://raw.githubusercontent.com/NatsumeLS/Genshin-Impact-Rich-Presence/main/assets/Location%20Emblems/Fontaine.png
opera epiclese,Opera Epiclese,Court of Fontaine Region,Fontaine,https://raw.githubusercontent.com/NatsumeLS/Genshin-Impact-Rich-Presence/main/assets/Location%20Emblems/Fontaine.png
salacia plain,Salacia Plain,Court of Fontaine Region,Fontaine,https://raw.githubusercontent.com/NatsumeLS/Genshin-Impact-Rich-Presence/main/assets/Location%20Emblems/Fontaine.png
thalatta submarine canyon,Thalatta Submarine Canyon,Court of Fontaine Region,Fontaine,https://raw.githubusercontent.com/NatsumeLS/Genshin-Impact-Rich-Presence/main/assets/Location%20Emblems/Fontaine.png